DonorID,Name,Age,BloodGroup,City,Contact,Email,LastDonatedDate
D001,Mithun T,18,A+,Salem,1234567890,shreeprasandhking@gmail.com,2024-12-10
D002,Shreeprasandh K,18,B+,Tiruppur,1234567890,shreeprasandhking@gmail.com,N/A
D003,Sivaram V,19,B-,Chennai,1234567895,shreeprasandhking@gmail.com,N/A
D004,Sudhir K,18,A1+,Salem,1234567891,shreeprasandhking@gmail.com,2025-03-28
D005,Dhanudharan K S,18,A1+,Erode,12345678964,shreeprasandhking@gmail.com,N/A
D006,Akshaya B K,18,B+,Coimbatore,1234567656,shreeprasandhking@gmail.com,2024-12-10
D007,Yuva,18,A+,Madurai,1234567892,shreeprasandhking@gmail.com,2024-04-13
D008,Shrihari M,18,O+,Chennai,1234567897,shreeprasandhking@gmail.com,2020-12-17
D009,Shweta S,19,A1+,Chennai,1234567898,shreeprasandhking@gmail.com,2020-07-17
D010,priya,25,B+,chennai,9513068600,shreeprasandhking@gmail.com,2021-12-12
D011,Sudharsan E,18,O+,Thiruvannamalai,1,shreeprasandhking@gmail.com,2020-12-12
D012,sid,19,O+,chennai,6379476706,shreeprasandhking@gmail.com,2024-07-12
D013,Aarav R,20,O-,Coimbatore,9876543210,shreeprasandhking@gmail.com,N/A
D014,Meera P,21,A+,Salem,9876543211,shreeprasandhking@gmail.com,2025-01-20
D015,Karthik S,22,B-,Tiruppur,9876543212,shreeprasandhking@gmail.com,N/A
D016,Nithya V,19,O+,Chennai,9876543213,shreeprasandhking@gmail.com,2024-11-15
D017,Rahul M,23,A1+,Erode,9876543214,shreeprasandhking@gmail.com,N/A
D018,Divya S,18,B+,Madurai,9876543215,shreeprasandhking@gmail.com,2025-05-10
D019,Anirudh K,20,O-,Salem,9876543216,shreeprasandhking@gmail.com,2024-08-05
D020,Pooja R,21,A+,Coimbatore,9876543217,shreeprasandhking@gmail.com,N/A
D021,Sanjay L,19,B-,Chennai,9876543218,shreeprasandhking@gmail.com,2023-12-30
D022,Vaishnavi T,22,O+,Tiruppur,9876543219,shreeprasandhking@gmail.com,2025-06-01
D023,Pranav D,20,A1+,Erode,9876543220,shreeprasandhking@gmail.com,N/A
D024,Shalini K,18,B+,Madurai,9876543221,shreeprasandhking@gmail.com,2024-09-12
D025,Riya N,19,O-,Salem,9876543222,shreeprasandhking@gmail.com,N/A
D026,Vignesh P,20,A+,Chennai,9876543223,shreeprasandhking@gmail.com,2024-03-22
D027,Ananya M,21,B-,Coimbatore,9876543224,shreeprasandhking@gmail.com,N/A
D028,Siddharth R,22,O+,Tiruppur,9876543225,shreeprasandhking@gmail.com,2025-02-18
D029,Nivedita S,20,A1+,Erode,9876543226,shreeprasandhking@gmail.com,N/A
D030,Harish K,23,B+,Madurai,9876543227,shreeprasandhking@gmail.com,2024-12-01
D031,Anika V,19,O-,Salem,9876543228,shreeprasandhking@gmail.com,N/A
D032,Manoj D,21,A+,Chennai,9876543229,shreeprasandhking@gmail.com,2025-03-05
D033,Prathyusha K,20,B-,Coimbatore,9876543230,shreeprasandhking@gmail.com,N/A
D034,Arjun S,22,O+,Tiruppur,9876543231,shreeprasandhking@gmail.com,2024-10-14
D035,Keerthi R,19,A1+,Erode,9876543232,shreeprasandhking@gmail.com,N/A
D036,Rahul P,20,B+,Madurai,9876543233,shreeprasandhking@gmail.com,2025-04-07
D037,Megha S,21,O-,Salem,9876543234,shreeprasandhking@gmail.com,N/A
D038,Varun K,22,A+,Chennai,9876543235,shreeprasandhking@gmail.com,2024-05-25
D039,Naina M,20,B-,Coimbatore,9876543236,shreeprasandhking@gmail.com,N/A
D040,Saurav R,23,O+,Tiruppur,9876543237,shreeprasandhking@gmail.com,2025-01-12
D041,Deepa S,19,A1+,Erode,9876543238,shreeprasandhking@gmail.com,N/A
D042,Aravind K,20,B+,Madurai,9876543239,shreeprasandhking@gmail.com,2024-07-18
D043,Swathi N,21,O-,Salem,9876543240,shreeprasandhking@gmail.com,N/A
D044,Kiran P,22,A+,Chennai,9876543241,shreeprasandhking@gmail.com,2024-11-30
D045,Anushka M,20,B-,Coimbatore,9876543242,shreeprasandhking@gmail.com,N/A
D046,Praveen R,23,O+,Tiruppur,9876543243,shreeprasandhking@gmail.com,2025-02-25
D047,Shreya S,19,A1+,Erode,9876543244,shreeprasandhking@gmail.com,N/A
D048,Raghav K,20,B+,Madurai,9876543245,shreeprasandhking@gmail.com,2024-06-12
D049,Diya V,21,O-,Salem,9876543246,shreeprasandhking@gmail.com,N/A
D050,Akhil S,22,A+,Chennai,9876543247,shreeprasandhking@gmail.com,2025-05-15
D051,Ram,19,A+,Chennai,1234567890,Test@gmail.com,2024-12-12
D052,Siva,20,A+,Chennai,1234567890,siva@gmail.com,2024-12-12
